Massages,Classes
Здравствуйте я бы хотела спросить куда я могу отправить жалобу,7
Казакстан бойынша казак тили жане адебиети филология факультетерине тусу ушин примерно канша балл керек,1
Можете сказать переходит ли SDU на комбинированное обучение ,7
мен платниға түсиін деп едім ұбт дан 2 алмай но шетік балға жете алмай қалдым түсе аламба,1
Сәлеметсіз бе  Құжатты қандай мекенжайға барып тапсыру қажет Соны толық жазып жіберсеңіз  ,2
Как можно найти своего куратора и вообще своих одногруппников,7
Сіздерде қандай сала яғни мамандықтар бар,3
файрволл вайфая блокирует ваш собственный сайт не подскажете кто администратор сайта сду,9
сколько будет стоить обучение на факультете международных отношений,3
У вас на переводчика проходной балл на грант сколько,1
У вас надо при поступлении абитуриенту бакалавр 086 форма,2
А у вас в начале года разыгрываются гранты,8
Маган почтама Талдықорған қаласында деп тестылеу орталыгы келди ягни ол Жансүгіров университеті ма алде баска университет па,2
Конкурска тусу ушын канша балл жинау керек ,8
Сколько стоит международное отношения,3
Сыздерге тусу ушын жылдын ортасында тест тапсырамын ба,2
Қанша бал болуы қажет Сіздерде грант,1
Фамилиям орысша отчество казакша жазылып тур бирак инн жазылып турган сон кате болып есептелмейтин шыгар,2
А как вы там будете давать места например у всех же разные кластеры вы будете смотреть на баллы или на кластеры,8
Здравстуйте мне не приходит код в почту для регистрации,9
Здравствуйте я хотел спросить на счет олимпиад когда у вас будут внутренние олимпиады,8
Извините если у меня международное отношение какой кластер выбираю,3
Здравствуйте   у вас есть скидки на обучение при поступлении  ,1
Скажите пожалуйста какое минимальное количество баллов нужно набрать чтобы поступить в ваш Вуз на специальность два иностранных языка без каких либо привилегий,1
Здраствуйте тут что учят бесплатно то есть грант да,1
Олимпиада кашан болатынын айта аласыз ба,8
"Можно узнать сколько стоит общежитие
",1
Қанша грант бөлінді Шектік балы қанша шамамен Туризм барма,1
Я потеряла ID card,7
Сіздердің универлеріңізге түсу үшін ағылшын тілі қандай деңгейде болу керек,1
Хотела узнать можно ли написать СДУ и КБТУ на сферу IT при подаче заявки на грант,1
Когда бухгалтерия выплатит страховую сумму за общежитие,7
Я хочу участвовать в SPT Если сейчас буду зарегистрироваться то в марте могу участвовать,4
  салеметсиз бе  халықаралық қатынастар факультетіне қанша грант бөлінді  айтып жібересіз бе,1
А еще обучение только на английском идет,1
Қанша бал жинағанымд блейн деп едм,1
Оригинал документтерди калай тапсрамыз,1
У вас есть прайс лист,3
если англ не дотягивает курсы бесплатные будут,1
Егерде универге оқуға түскен жағдайда тіл жағынан мысалы сабақтар қай тлде өтеді істен тлдерге арнайы курстар барма,1
Салеметсіздермее СДУ мен spt олимпиадасының алдыңғы жылы келген сұрақтарын көріп дайындала аламынба ,4
Когда появятся результаты SPT которую мы сдавали на SDU Open Day,4
Факультет менеджер бар ма,3
Грант Иегерлери кандай документ тапсыру керек тизими бар ма,2
Сызде алтын белгы иегерлерыне женылдык карастырылганба,1
Сколько нужно набрать баллов для того чтобы поступать на грант иностранный всем история,1
Резултаты қашан шығады,4
А сколько грантов выделено на физмат,1
Кайда калай толейди Студенческий взнос толеу керекпе,1
SDU да тарихшы мамандыгы окытылама тандау пани география жане дуние жузы тарихы,3
Канша балдан түсе аламыз кешегі олимпиададан,4
С какого месяца нужно регистрироваться в SPT,4
Платно окуга документ нешесыне жиналады ,3
для магистрантов учеба когда начинается забыла спросить при подаче документов,5
И колледж бітіріп барған студент 2 курстан бастап оқиды ма,1
Юрист мамандығын бітірсе Юриспруденция ға түсу үшін қандай пәннен тест тапсырады,3
У меня один предмет в оффлайн формате хотела узнать можно ли сдать экспресс тест на ковид в мед центре Или же Вы ТРЕБУЕТЕ пцр,7
 Добрый день Онлайн заявку на бакалавр оставляют сейчас все или только те кто собираются учиться на платной основе,1
Көп балалы отбасы га жеңілдіктер бар ма,1
Я зарегистрировалась на олимпиаду 12 марта но ID так и не пришел на почту,4
Могу ли я поступать без ент,1
Я не владею англ языком в совершенстве Если я поступлю к вам то сразу я буду учить предметы на английском,1
Салеметсызбе оқу бағасы жылына қанша болады айтасыз ба ,3
Здравствуйте я недавно зарегистрировалась в SPT но мне не выслали ID карту,4
здравствуйте когда портал откроют,7
здравствуйте можно ли в общежитии выбирать с кем проживать,7
Ұбтдан қанша балл болу керек Англ джт Грантқа,1
Сіздерде граттан айырылып қалатын кездер боладыма,7
"ұбт арқылы түсуге бола ма алдын ала тіркелмей
",1
Костанайдагы тестилеу кай мектепте отеди,1
вы не учавствуете в общем гос конкурсе грантов,1
Бул Универде кандай мамандыктар бар,3
сиздерде документ кабылдау 30 шилдеге дейын бе,3
"Говорят что в этом году на переводчика надо выбрать английский и казахский язык
",1
Сіздерде қазақ тілінен шектік балл қанша,1
Грантқа 135 пен Және алтын белгісіз көк аттестатпен сіздердің универлеріңізге түсуге мүмкіндік барма,1
сәлеметсізбе результаттар шыктыма,1
Хочу узнать какой уровень английского должно быть при поступлении,1
В вашем сайте подать документ онлайн это и есть грантка конкурска катысу документ откизу заявка беру,1
Место проведения теста где указаны,1
Саламатсыз ба олимпиада ондаинд откзлема,4
Соның қайсысын таңдасам болады педагогикаға түсу үшін,3
Можно ли придти с родителями проконсультироваться и посмотреть универ,1
Есть хоть какие то шансы Я набрала 81 баллов гео мат,1
Spt олимпиадасына документти кашаннан бастап жинау керек,4
Мен сайтты сурап жатқан едім,3
Осы универге әкімшілік грант бөліндіме,3
Вы завтра суббота работаете,7
Кешіріңіз SDU университетінде Арыс қаласының абитуренттереріне гранттар бөлініп жатыр ма,1
Қалайсыз маған Қызылордада болатын олимпияда кайжерде болатынын айтып жібересіз бе,4
Кешіріңіз қатысу үшін қандай құжаттар қажет,4
на каком языке мы будем учиться если поступим,1
Сəлеметсіз бе СДУ ға түсу үшін таңдау пəндерінің реттілігі химия биология болуы міндетті ме,3
Саламатсызба мен давноо тіркеліп қойып едім Сонда қайтадан тіркелемін ба sdukz,7
егер талапкер грантты толыктай иеленген жагдайда жатахана тегин болама немесе озгеде студенттер секиди акылы турде болама,1
Үздік аттестатпен бітірдім Сіздердің универге 91 баллмен грантқа шанс бар ма,1
SPT тест биология географиядан боладыма,4
Алматыда СПТ қай жерде болады,4
SPT Тест Жауап кашан шығады,4
Здравствуйте  у меня вопрос всем специальностям нужно сдавать тест на знание английского ,1
Спт жауаптары кашан шыгады,4
И на сайте вы указали что в перечень документов входит заявление можете объяснить какое,1
Хотела спросить можно подавать документы в ваш универ онлайн,1
Два иностранных языка проходной балл канша,1
Два иностранных языка қандай мамандыққа келеді,3
Сәлеметсіз бе результат щықтыма Сәлеметсіз бе қортынды қащан шығады,4
Бугин шыга ма Менин сурагым бар еди ггрант конкурстын ответы шыкты ма,4
На ент я сдавала все 5 предметов выбрав русский язык и литературу собираюсь поступать на журналистику я ж могу сдавать творческие экзамены,1
И Кандай пәндер агылшын тилинде отиледм,Type
Сіздерде көпбалалы отбасыға жағдайы төмен отбасыға жеңілдік бар ма,1
Шамамен айтсаңыз Грантка канша балмен түсуге болад,1
Здравствуйте можно поступить без сертификата ЕНТ,1
Можно ли узнать по поводу перевода к вашему ВУЗу,6
Здравствуйте могу ли я подать на эти гранты если я живу в Уральске,1
Қосымша бес ұпай алу үшін инстаграм парақшаға осы сайт жайлы жарияласам болады ма,1
Багасы канша жылына,3
Бірақ алдында SPT ға осы жылы пробный ретінде тапсырса болады деген еді,4
Программное обеспечениеге 81 баллмен орыс группасына грантка тусуге шанс бар ма,1
Здравствуйте набрала 105б алтын белги профильные предметы англ история Могу ли я поступить на грант,1
Экзамен Өз қаламыздағы универден сіздерге тапсыруға болады ма,2
Грант конкурсына Сду арқылы тіркеліп жатырмын міндетті түрде Сду жазу керекпе біреуіне,1
Скок стоит обучения после колледжа,3
В какой именно школе будет проводиться встреча в городе Семей Учителям в школе прислали информацию что будет в 6 гимназии а вы ответили в комментариях что будет в 4 школе,4
"На магистратуру по математике есть гранты
",6
Физ мат 94 баллбен втипо и Научн Мат ка тусе аламба,1
Официально ашық есік күні қашан Сəлеметсізбе Ашық есік күні болама,1
хотела бы уточнить где мне оставлять заявку на творческие экзамены вы ведь сообщите об этом в профиле,1
хотела спросить у вас до какого числа у вас принимается онлайн подача документов,1
где состоится экзамен хочу спросить,4
Здравствуйте приёмная комиссия до какого числа работает До какого числа документы принимаются,1
Сіздерге 2 шет тілі таңдап қанша баллмен тусе алады,1
SPT әр жылы боладыма,4
Англиский обязательно надо знать чтобы поступить на профессию,1
А я учусь в 10 классе могу ли я принять участие в вашей Олимпиаде,4
Нешесіне дейін болады  Грант конкурсы кашан болады,4
Но ещё на почту сообщние не пришло Я вчера зарегестрировалась в 11 утра,9
SPT дан проходной қанша балл,4
Сəлеметсізбе SDU университетінде қандай мамандықтар бар,3
Филолог мамандағына 2020 жылы қанша грант бөлінді жалпы,1
Ал жалпы мамандык ауыстыру мүмкін бе,7
Примерно сколько баллов нужно поступить на Информационные системы,1
Добрый день хочу жаловаться на работу студенческого отдела,2
Где будет проходить SPT в Шымкенте,4
Заявканы кайда жиберсе болады,1
Сіздерде грант ұту үшін олимпиада өткізіледі ме 11 сынып оқушыларына,4
Я записалась на олимпиаду которую проводит СДу Вообщем я поменяла джимейл Можно его изменить,4
Универде окып жургендер тапсыра алмайма Олимпиадага тиркелу ушин миндетти турде 11 сынып болу керек па,4
Сәлеметсізбе Финансы оқуында математика бүкіл 4 курс болады ма,7
Сәлеметсіздерме сіздерде Филология факультеті бойынша Магистратуаны шет елде оқуға мүмкіндік барма ,5
Профессия   айти Здравствуйте  Хотела спросить  У меня 109 балл  могу ли я поступить на грант ,1
Сәлеметсізбе Оқу барысында ақылы оқығанда жеңілдіктер алуға боладыма,1
Ертен Реннесанста өтетін ашық есіктер куны барлык мектепке ма алде белгылы мектептерге шакырумен ба,8
Я студент 2 курса можно в Адм записаться,8
СДУ га тапсырғалы отырған талапкер үшін ағылшын тілі міндет етіледі ме,1
Сду олимпиадасының қорытындысы қашан шығады екен,4
Егер жатақханада тамақ дайындауға рұқсат берілмесе таңғы ас пен кешкі асты қалай ішеміз,7
Какие предметы нужно сдать в КТА,3
Пишу чтобы уточнить насчёт флюорографии буквально на днях появилась надпись в портале что я ее не прошла хотя я прошла ее ещё в октябре не знаю у кого прояснить ситуацию,7
Олимпиада проходит на платной основе,4
Здравствуйте можно с Карагандинского политехе с IT на IT перевестись к вам Прошлогодние можно,6
СДУ да бизнес факультет бармекен,1
Сәлеметсіз бе ҰБТ да 88 балл   физмат   сіздерге грантка түсе аламын ба ,1
салеметсиз бе Сдуга ielts тапсыру аркылы тусуге бола ма,1
Маған почтаға логин пароль келді Сдудың сайтына кіргенде парольды бірнеше рет жаздым бірақ болмады,9
Саламатсызба Колледждан кейін дипломы бар адамдар университетке түсер кезде шанс көбірек боладыма әлде бәрінде бірдей шанспа,1
А результаты спт вышли,4
А где именно будет проходить тестирование в Астане,4
А на докторантуру есть какие то скидки,5
можно прийти с загранпаспортом если не можешь найти удостоверение личности ,2
Здравствуйте скажите пожалуйста для того чтобы в будущем стать веб дизайнером на какое отделение мне надо идти,1
Здравствуйте  сколько стоит обучение на финтех магистратура ,1
Я б хотел узнать когда будут ответы с олимпиад,4
Есть ли шанс получить грант Здравствуйте могу ли я поступить в ваш университет Профильные предметы Физ Мат Баллы на ЕНТ 79,1
1 жылға қанша ақшасы Автоматтандыру және басқару,3
Это частный универ ,1
Стипендиядан айырылып калсан грант та оки береди ма,7
IT мамандығына түсу шансым қанша 98 балл,1
Привет можно ли после 1 курса колледжа поступить в ваш университет,1
Привет у вас есть военная кафедра,1
И ещё сколько баллов надо набрать по тесту DuoLingo,1
Кашан шығады кай жерде болатыны,4
Международное отношение жылына канша турады,3
Приём документов до какого числа и занятие начнуться с какого спасибо,3
Бұл жыл грант неше бал болады,1
Оку акысы кай жерден көрсем болады,3
Open day қашан болады,1
планируете ли открывать медицинский факультет,1
Неге ИИН тіркелмей тұр,9
А сейчас перевестись нельзя То есть не смогу на Гранте обучатся да ,6
,7
А пойдет черно белый вариант айди карты ,7
А можно узнать сколько за год Грант или на платной основе Филология,1
Сду да агылшын миндетти ме,1
можете подробнее рассказать например турецкий а у вас есть языковые курсы,1
Если я не сдам тест по английскому языку то смогу ли обучаться если выиграю грант,1
Можно узнать если я участвую в конкурсе на госгрант и выиграю то автоматически поступаю же в универ,1
"А как записаться на клубы
",7
сиздер толық университетке алып бару керек құжаттар тізімін айта аласыздарма,2
Здравствуйте мы сами получаем онай карточку или нам выдаст универ,7
Осы мамандык бойынша шет елге окып жаткпндар бар ма,7
Китаптарды универге келип китапханадан алуга болады ма,7
У меня возник такой вопрос если я прохожу по баллам ЕНТ но не участвовала в Олимпиаде spt я могу поступить на грант,1
,7
Сабак кашан басталатнын айта аласзба,1
Журналистика оплата обучения қанша екен,3
Сдуда қазақ филологиясы факультеті барма және оқу ақысы қанша,3
Робототехника орыс тілінде бар ма екен Және грантка канша баллмен тусти,3
"У вас будут свои тесты или же если набрал высокий балл то это значит что ты уже поступил
",1
Здравствуйте я по поводу олимпиады SPT Моя идентификационная карта пропала так как находилась в папке спам Есть ли возможность отправить её знаново,4
Что бы нормально так понимать как минимум какой уровень должен быть интермедиат,1
А можно забрать студенческий билет с универа,7
"Извините а это для поступающих или учашихся На портале СДУ началась регистрация на дисциплины весеннего семестра
",7
Это бесплатно или платно   ,1
Слышала у вас есть свой грант хочу узнать поподробнее,4
Здравствуйте если получу грант я должен еще сдавать экзамен,1
Бірақ язык тестировония қазақшаны да орысшаны да белгілеп қойыппын Мен Шымкенттен SPT олиипиадасына катыскан болатынмын,4
Олимпиада га калай катыса аламын,4
Военкомат сиякты баргой сондай барма,1
Здравствуйте ID карта Оны кайдан аламыз ID керек екен Китапханага барып китап алу ушин,7
тоесть мне нужно позвонить в виртуальную комиссию ЖГУ или любого вуза который учавствует а акимском гранте то есть я должна поехать в ЖГУ и подать на грант акима вписав свои 4 вуза в которые может не входить ЖГУ верно,1
ielst сколько балл должна быть,1
Басқа универден басқа мамандық бойынша ауысу уақыты өтіп кетті ма,6
У вас нету грантов или скидок,1
будут ли студентов делить на занятиях по уровню их английского,1
Слышала у вас есть свой грант хочу узнать поподробнее,4
Бүгін конкурсқа қатыстым грант неші балдан жоғары болуы керек,1
Сіздерге ашық есік күніне барғанда тест тапсыру міндетті ме,1
Здравствуйте Хотела спросить в олимпиаде SPT могут учавствовать ученики 10 го класса ,4
Сәлеметсіз бе Сіздердің ішкі гранттар олимпиадасы 4 наурыз болады ма,4
Сколько баллов потребуется чтобы поступить в грант,1
Спт олимпиадасы кай кунге дейн болады,4
Или менде 55балл алдым барлық пәнім 5баллдан жоғары іліге аламба грантка,1
Дизайнерлік мамандығының бағасы қанша ,3
сәлеметсізбе мен SDU Edu kzтен иин номерімді жазып таба алмай жатырмын,4
Здравствуйте я могу узнать можно ли обучаться у вас на второе высшее Юриспруденция если да сколько стоит оплата Скидки есть,5
на АЙТИ сколько грантов выделено,1
Когда будут известны итоги spt,4
Саламатсызба Мысалы ентдан 120 алып Сдуға грантқа тілді білмей тұрып түсуге боладыма,1
Ертен жауаптары кай уакытта шыгады Салем,4
Филология саласына тусе аламынба 62 балл алып едим,1
Когда начнётся SPT,4
Берілген күні дегенге ҰБТ сертификатының берілген күнін жазамыз ба,2
Ис пен втипо айырмашылығы,3
Мой друг учавствует в конкурсе Айпад и он хочет узнать о том что можно ли накручивать лайки на видео,8
Spt грантына тапсыра аламын ба,4
чтобы поступить на грант информационные системы сколько баллов нужно набрать на ент,1
Олимпиад кай жерде өтеді,4
кто сколько набрал Здравствуйте будут результаты баллов,4
Кырейын десем кырылмейдв Отыныш берейын десем жеке куалык пен оку туралы анықтама ыстемей тур,9
Откенде СПТ олимпиадасында электронный почта кате жазп жбергенмін Не істесем болады,4
Окып жатр деген справканы онлайн алуга бола ма,7
Платный га Сиздерге документти онлаин тапсрса болады ғой иа,1
Нәтижесі қашан шығады  ,4
Бизге неге али степендия туспей жатыр,7
Мен педагогикалық тест туралы сұрайын деп едім,1
насчёт сдачи документов примерно сколько времени это займёт,2
я бы хотела задать вопрос мы тест на знание английского должны сдать до отправки документов в вузы или можно и после после поступления,2
Если вдруг больше 5 предметов это ок Или там учитывается разница в предметах,7
Можно узнать как это сделать Я хотела к вам перевестись,6
Сіздерде проходной балл қанша,1
Таңдау пән қандай болу керек,3
Филолигия У вас платное обучение сколько стоит,3
География математика сосн Нактылап айтвп бере аласыз ба Жалпф сұрақ саны 100ба әлде 120ма Шымкентте бола ма Олимпиада кашан шгад,4
Универге калай тусуге болад,1
Ielts 5 0 болса ағылшыннае экзамен тапсырам ба,1
Здравствуйте до какого числа нужно сдать документы,2
Я хочу поступить к вам на втпо по ент я набрал 126 баллов физмат средний балл аттестата 5 Каковы мои шансы на поступления на грант,1
У вас откроется мед отделение в универе,1
Студенттер үйінде орын біттіма,1
"Мен грантка түскім келетін вуздарга сіздің вузды жазсам грант ұта аламынба
",1
Ертен регистрация жасауға болама,1
Сіздерде дефектолог мамандығы бар ма,3
Здравствуйте Ал SPT арқылы ұтып алу мүмкіндігі бар ма,4
Сәлеметсіз бе қазір екі шет тілі факультеті бар ма,3
Студент намбер мен пассворд берлмеды,7
Салематсзба приёмная комиссия суббота воскресенье жасайдыма,1
Сиздерде барлык сабактар агылшынша отеди ма,1
Как думаете у меня 135 баллов и это хватит чтобы поступить на меж отношение,1
До какого числа приём документов,1
Какие нужно документы сдавать на гос грант,2
В году поступающие на бакалавриат будут учиться в университете или онлайн,1
Сколько нужно балов для поступления на грант по профессии мэнэджмент,1
Сколько нужно набрать для IT,1
А при наличий IELTS можно не сдать этот экзамен IELTS,1
Дурыс тыркелдым бе Почтама осындай фото келды Мен SPT олимпиадасына тыркелген едым,4
Саламатсызба олимпиада жауаптары шамамен нешелерде шығатынын айта аласызба бүгін немесе ертеңдері ме,4
Саламатсыздар ма 13 март СДУ да болатын окушылар арасындагы дебат туралы инфо керек еди Жауапты адамның байланыс номерин немесе эмейл бере аласыздар ма,8
Тек кара ручкамен толтыру кажет пе,4
Əдебиетпен қазақ тілінің сұрақтары келема,4
Қарағандыға қашан келесіздер,4
Ағылшын тілінен ішкі экзаменге Назарбаев университеті үшін тапсырылған Aptis результаты жарайды ма,1
Я попробовал во второй раз зарегестрироваться Но тоже не получается,9
Когда spt будет Какие предметы нужно выбрать на spt чтобы поступить на финансиста,4
Надо будет через сайт регистрироваться SPT,4
жауабы кашан шыгады олипиаданын,4
Здравствуйте Я пытаюсь зарегестрироваться на SPT но у меня уже 30 минут идёт загрузка данных,4
Спасибо у нас макс 140 балл по новому формату ент и сколько баллов нужно набрать чтобы поступить на грант и сколько грантов на факультет переводческого дела,1
А когда выйдут результаты гранта Хотел спросить,1
Здравствуйте я бы хотел узнать можно ли перевестись к вам не теряя гранта с КазНУ,6
Здравствуйте а те кто сдавал документы в другом универе где получают сертификаты,2
Я хотела бы узнать о магистратуре в сду,5
сыздерде 66 балга юристке ышкы грант барма,1
Здравствуйте когда выйдут результаты SPT,4
Здравствуйте я вчера написала тест психометрический но не получила сертификат,7
Шыгармашылык емтиханга калай заявка тастайды,1
Здравствуйте можно поступить в sdu на два иностранных языка на грант с 92 баллом и с корочкой intermediate,1
Учёт и аудит Переводится Есть ли скидки Можно ли поступить на грань на 2 курс,6
сіздерге грантпен ауысуға мүмкіндік бар ма мен биыл казнпуға физ мұғалімге түскен едм,6
1 семестрден сон грантты сактай отырып сыздерге СДУ ға ауыса аламынба,6
У меня 113баллов английский всемирная Могу ли я получить грант,1
Хотела узнать стоимость обучения сколько стоит,3
Экономикаға проходной канша,1
Био хим ға қандай мамандық бар сіздерде,3
Сіздерде био хим пищевой промышленности бар ма,3
Саламатсызба Ағылшын курстарының құны,3
Физика информатика мамандығының sdu дағы коды қандай,3
Здравствуйте у вас есть ресторанный бизнес   ,3
Почему ваши сайты не откырваются,9
Негізі осы олимпиадада ielts сертификатының пайдасы бар ма,4
Олимпиада кашан болады шамамен,4
Неге результаттар али жок Сайт ашылдыгой,4
Қандайда бір скидкалар барма,1
Кандай мамандыктар бар,3
И проходной канша Физика математикага,1
Осы олимпиададан грантка тусу ушин неше бал жинау керек,4
Журналистика платный багасы канша жылдык окудын,3
Cәлеметсізбе мен био хим нан 71 бал жинадым сіздердің универлеріңізге педагогикаға түсе аламынба,1
арнайы Ағылшын қосымшалар болама сіздерде,1
Сәлеметсізбе Sdu олимпиадасының жауабы қашан шығады,4
Massages,Classes
Заочно окуга боладыма ?,3
"Мен платный окимын,сиздерде оку акысы канша ?",3
"Ассалаумагалейкум физика-математика пәндерімен, 82  баллмен сіздерге кандай факультетке шанс бар?",1
Грантқа канша баллмен түсуге болады сіздерге?,3
Сіздерде биология-химия мамандыктары барма?,3
"А сколько баллов набрать чтобы на грант поступать для два языка, или только SPT есть для грантов?",1
"Здравствуйте ,я учусь в восьмом классе, и совсем недавно передо мной встал вопрос: В какой универ я буду поступать ?Я долго думала ,смотрела в интернете различные виды университетов и выбрала ваш . Теперь когда я уже знаю куда я буду поступать, я должна знать что мне требуется для поступления. Не могли бы ли вы мне сказать что требуется для поступления в ваш университет, нужно ли сдавать ЕНТ для поступления, а также какие виды профессий можно выбрать при поступлении в ваш универ?)",1
"Қайырлы күн, биология-география тапсырып 65 бал алдым психология мамандагына түсе аламынба?",1
"Обязательно ли проходить онлайн-тест, определяющий ваш уровень владения английским языком?",3
"Здравствуйте, после отправки заявки в Egov, мы можем отправить личную заявку в СДУ?",2
"Здравствуйте, какова цена общежития СДУ?",3
"Я набрал 65, могу поступить ваш университет?",1
А казахский язык сколько баллов проходной?,3
"Здравствуйте, в СДУ есть русский язык?",3
"Как можно найти Инстаграмм вашего преподавателя,медиатренера Асхата Еркимбай? Посмотрела видео. Очень хорошие вещи говорит! Рада тому,что есть такой свежий взгляд на журналистику!",8
Здравствуйте! А сколько грантов на “Международные отношения”?,3
"Cәлеметсізбе, журналистикага и баска факултетерге грант барма?",3
"Здравствуйте, у вас проходной балл сколько, выборочные предметы География и Английский?",3
"Саламатсыз ба , сиздерде сабактар кандай тилде окытылады?)",3
"1-ші курста английский мен турецкийди уйретеди ме, әлде уйренип бару керек па?",3
"Салеметсиз бе, кластерді ауыстыруга болама,тарих тандадым, ал казир адебиет ауыстырсам сонда баска почта жазайын ба или сол почтамен бола ма?",4
Сіздерде IT саласына түсу үшін шекті балл қанша?,1
Сіздер биыл IT саласына қанша мың грант бөліп жатсыздар?,3
Осы IT саласына түсу үшін математика-физика таңдайма или физика-математика ма?,3
Жәнеде сұрайын дегені SDU-да сабақтардың барлығы ағылшынша өтема?,3
"Тек таңдау пәніңді тапсырасын ба, или барлық 5 пәнді тапсырасың ба?)",1
SPT-ға тіркелу қашанға дейін жалғасады,4
"Сәлеметсіздер ме! Мен жазда КТ тапсырайын деп едім, соған қатысу үшін заявление қашан беремін??? Подробно түсіндіріп жібере аласыз ба? В будущем сіздерге оқуға түсем деп жүр едім?",6
"Негізі КТ-ны кез-келген универге тапсыруға болады дейді ғой, рас па сол?",3
Сәлеметсіз бе! Сіздерде қазақ тілі мен әдебиеті пәнінен қандай мамандықтар бар?,3
Қазақ тілі мен әдебиеті мұғалімі мамандығы бойынша оқу үшін 95баллмен грантқа түсуге мүмкіндік бола ма?,1
Мамандық бойынша оқу үшін ағылшын тілін білу қаншалықты міндетті?,1
"Саламатсыз ба, алтын белгилерд ин преимущественное правосы кайтарылады деген рас па? ",3
Здравствуйте а иностранным гражданам тоже касается spt2020 олимпиада или де отдельно экзамен есть?,4
А мы должный тогда в Казахстан приехать? Или можно онлайн?,4
"Салеметсіздер ме, мен SPT тесті бойынша тіркеу кезінде адам есімін, әкесінің атын қате жазып қойыппын, Id карт бойынша есімі қате жазылған тесттке қатыса алама?",4
"Салеметсіз бе, SDU университетінде қандай мамандықтар бар??",3
"Паспортың оригиналы керекпа, басқа қандай құжат керек?",2
"Хотел спросить правда ли что специальность математика у вас теперь платная, И IT специальности только бесплатные?",3
СДУда халықаралық қатынастар мамандығы бар ма?,3
Биология география мамандықтарына түсу балы қанша?,1
"Тіркеле алмай жатырмын, мектеп жазсам кате дейді?",2
Сіздерде форма кию міндеттіма или жоқпа,3
"Ал біздергеде осындай грант ұтып алуға бола ма, оны калай тапсырамыз?",8
Осы грант жайлы толык акпарат бере аласыз ба https://instagram.com/stories/sdukz/1785575460731883968 ?,8
"У вас есть инжененрия,строителный?",3
https://instagram.com/stories/sdukz/2439344886032639605,8
Тіркелу тагы 1 2 күнге созылатын болды ма?,7
Пост салуга да болады ма https://instagram.com/stories/sdukz/2248810550641657771 ?,8
"Здравствуйте, исчезла окошко опросник . Скажите пожалуйста на специальность иностранный язык тоже проходной 70 ? Или 50 ?",1
"Здравствуйте, сегодня вечером вышли результаты магистров , я поступила в ваш университет. Я нахожусь в городе Кокшетау, сказали до 10 сентября нужно сдать документы в университет. Как мне быть скажите пожалуйста ?",5
"Скажите пожалуйста, как быть с мед справкой ? Мы можем сдать документы сначала и потом мед справку ?",2
Приёмная комиссия со сколько до скольки принимают документы?,7
"Здравствуйте, меня зовут Курбанова Юлдуз. Я поступила к вас на магистратуру на грант и сдала документы через доверенность еще 9 го сентября. Мне на почту пришло письмо о том что заявка моя в отработке и в случае изменения они мне сообщат . Это получается это не факт то что меня приняли еще ?",5
"Здравствуйте, Можете сказать можем ли мы перевестись после 1 го семестра в другой ВУЗ ?",6
"Здраствуйте , хотела спросить про курсы Coursera. Можно ли сейчас зарегистрироваться? Или я уже опоздала? Есть ли там турецкие курсы ?",8
"Здравствуйте, магистрантам ждать такое ? Как бы и мы ваши студенты https://instagram.com/stories/sdukz/2429753623772111233 ?",8
"SDUға грант конкурссы 2021дегі қашан болады, негізі болама? Оған қалай өтініш қалдыруға болады?",3
"Мен Сарыағаш ауданы Ақжар ауылнан боламын, қалаға Түркістанды белгіледім но біздің мектеп шықпай тұр, қалай заявка тастасам болады, сосын оқу туралы анықтамаға қалай файл саламыз, фордпенба?",2
Басқа мектепті белгілей берсем болама? Оқу туралы анықтаманы не істейм?,2
Сиздерде востоковедение оплата канша ?,3
"География биология пәндері бойынша психология таңдап жатырмын, маған қандай ұсыныс білдіре аласыз сіздің универден?",3
У Вас годовой семестр сколько стоит на специальность Международные отношения?,3
"Профельные предметы английский история, через сельская квота или каким способом по этими предметами можно заполучить госгрант?",3
А почему сайт не открывается?,9
Ақпараттық технологиялар алдыңғы жылы проходной қанша болды?,1
"Здравствуйте,я бы хотел узнать,какие предметы нужно сдавать на юриста? Просто везде написано по разному,и не знаю какая из них правильная. Можете пожалуйста помочь?",3
"Здравствуйте я подала заявку на участие в олимпиаде которая проводится 3 марта, Я подала ее 4 февраля, ответа нет?",7
Здравствуйте будут ли розыгрыши грантов?,8
Здравствуйте! Сколько у вас стоит обучение на ин.филологию?,3
Грантка тускен туспегенді қай сайттан қарасақ болады?,1
Бүгін құжат тапсырудың соңғы күні ма? Алде 28 не дейін созылды ма?,7
Документ кай жерге тапсыруга болады,7
Қайырлы кеш! Бүгін #ipadfromsdu конкурсының нәтижесі болады ма?,8
Могу ли я передать документы через знакомых?,7
"Есть ли возможность поступить в sdu, даже если абитуриенты сдают творческое ент? Или здесь уже без шансов?",3
Сәлеметсіз бе! Мадияр ағайдың шығармашылық емтиxанға байланфсты айтылған кеңестерінің видеожазбасын қайдан тапса болады? YouTube желісінде болуы мүмкін бе?,8
"Добрый день! Хотела узнать, какой у вас график работы? И есть ли возможность попасть в приемную комиссию?",3
Сәлеметсіз бе! Мен математика және статистика мамандығын тандайын деп едім. Оқыту қай тілде жүреді? ,3
Ағылшын тілі қажет пе?,3
Мамандық коды B055 па?,3
"Как присоединиться к командам, я не была на СДУ фесте?",8
"Есть срок для регистрации, или до 4-го курса можно поступить?",7
Калай катысуға болады? https://instagram.com/stories/sdukz/1762577723588659333,8
Менде 4 универге заявления бере аламба жок биреуыне ганама?,1
"Здравствуйте, в вашем университете обучение только на английском языке?",3
"Салеметсіздерме!Мен spt тіркелейін деп едім бірақ,тіркелінбей тұр.Бірнеше рет байқап көрдім тіркелінбейді.Анықтама нөмерлеріне хабарласқанымда ешкім жауап бермеді.(оқып,жауап береді деген ойдамын)",4
"Салеметсзбе!мен сду регистрация тіркеліп едм,енді email дан келген пропуск кагазд щгартайн десем сду-дан келген сообщение жок.Енді не істесем болады. Эмайл барлығын карап шықтым еш жерден сду-дың жберген сообщениесі щықпады.Алдында сіз тркелдіңіз сздң пропускңз деп шғп тр еді,енді щгарайн десем жоқ",7
Уздик аттестат иелерине женилдик бар ма,3
86баллмен грантка тусуге бола ма?,1
SPT ға тіркелгенде жеке куәлікті қалай еңгізуге болады?,2
"Я не могу зарегистрироваться. Все правильно написала, но не зарегистрируются?",2
Почему ваш университет назван именем президента Турции? Можете поделиться историей. Просто в интернете про это ничего нет?,3
Буган 11 битргендер гана тусема или 9 битрген дер да тусема,3
Сіздерде нефте газ окуы барма,3
Здравствуйте можно ли свидетельством о рождение регистрироваться? Просто я еще не получила удостоверение.,7
Я так зарегистрировалось но мне все еще не отправили ID карту,7
Можно ли в течении недели сдать документы на платной основе?,2
Гранттың баллы шықты ма,3
Стюардесса болу ушин СДУ-да кандай факультет тандау керек?,3
Сду да физика математика тапдап кандай мамандыкка тусуге болады,3
Сосын сду да шыгармашылык тандап кай пан окуга болады,3
Сизден сурайын дегеним информационные системы деген мамандыкка грантка тусу ушин канша балл жинау керек,3
"Оку туралы аныктама, деген жерде не толтырамыз?",7
Осындай ис шараларга окушылар келуге болады ма мысалы кеше болсан концерт бугин болатын концерттерге,8
Тек сду студенттери ма? https://instagram.com/stories/sdukz/1973955186234116299,8
Правда что первокурсникам расписание поставил декан? Нам не нужно заморачиваться?,7
"Просто завтра уже на учебу,а я так и не понела расписание",7
У вас есть специальность общая медицина?,3
Жалпы осы университетте дефектолог мамандығы барма?,3
Мен педпсиxолог мамандығын бітірдім. Магистр финанс оқығым келеді,5
Сәлеметсіз бе! Мен сіздерге магистрантқа тапсырайын дегем. Соны қашанға дейін тапсырсам болады? Және қалай тапсырамын?,5
Олимпиада жүлдегерлері сіздерді тегін оқи алама?,3
Биыл мен 91 аллым таңдау пәнім джт гео мұғалімдікке түсе аламба?,1
Сіздерді география тарих факультеті жоқпа?,3
Мен Шоқан Уалиханов университетіне грантқа түстім мамандығым география тарих! Енді сұрақ сіздерге 2 курста немесе 1 семестрде басқа мемлекеттік университетке ауысуға болама? Грант сақталып қалама?,6
Сурайын дегеним филология факультети бойынша SPT(SDU) олимпиадасы болама?,4
Тест қағаз түрінде болама или онлайн түрде болама,4
Саламатсызба былтыргы грант тизими барма тех мамандыктар,1
Бул барлык универде проходной бырдей боладма?,1
"Рахмет, алдынгы жылы логистикага 1 орынга канша адам грантка жазганын блп бере аласызба отиниш!",1
"Здравствуйте, хотел спросить могу ли я перевестись к вам не лишившись гос гранта",6
Хотела спросить кто у вас отвечает за музыку можно ваш плей-лист,8
Кеше тікелей эфир ютубка сакталады деген еди?,8
"Мен казыр онлайн окып жатырмын. Бырау универге агылшын, турык тылынен кытап алуга барайын деген едым. Университетке пцр тестсыз кыре аласыңба???",1
Ал егер поатный оқып сосын грантқа ауысуға бола ма,1
Егер мен Түркістанда. Яссауи университетінде оқып. 1 семестрден кейн СДУ-ға грантқа . Тарих пəнінің мұғалімлігіне қазақ бөлімге ауыса алам ба?,6
Бұл не https://instagram.com/stories/sdukz/1958716495911920474,8
Осыған қалай тіркеледі. Және фаундейшн оқитындар қатыса ала ма?) https://instagram.com/stories/sdukz/1977599035649194311,8
Олимпиядадан жеңген грантка әсерін тигізбейба ЕНТ балы,3
Дүние жүзі тарих және Адам қоғам құқық пәндері бойынша қандай бағыттағы мамандықтар бар СДУ да ?,3
Медицина саласы барғо ия ?,3
"Сәлеметсізбее, ағылшын курсы болама?",7
"Сәлеметсізбе,грант олимпиядасы калай өтеді?",3
Жатаханада жылына қанша төлейміз?,3
Грантқа түссе жатақхана тегін бола ма?,3
Тек осы қалаларда өтіледіме? Мен Шымкенттің жанындаға Арыс қаласынан қатыса аламынба? https://instagram.com/stories/sdukz/1966755763033988162,8
Сіздерде ақылы оқыту қанша тұрады?,3
Салеметсиздерме сиздерде университетте дін жагы катты карала ма?,1
"Здравстуйте , Я прошёл регистрацию на олимпиаду SPT, могут участвовать все, кто зарегистрировался да?",4
Кто то забыл это в магазине Алтын тага,1
Сіздерде әдебиет мұғалім филология оплатасы қанша,3
Сіздің универ жайлы ақпараттарды қайдан аламыз,3
Сиздерде биология география пандеринен мамандыктар барма,3
"Сәлеметсіз бе, міндетті түрде алматы мен каскеленнен өту керек пе? алде өз каланнан бола ма https://instagram.com/stories/sdukz/2486358000572584853",8
қайырлы кеш! Сіздерде журналистика факультеті бар деп естідім. Соған түсу үшін не істеуім керек. Сіздердің талаптарыңыз қандай?,3
"ақылу оқуға түсетін болсам жылына қанша төлеуім керек, айтып жіберсеңіз екен айып болмаса, рақмет!",3
Ал платный оқыса қанша төлейді жылына ?,3
Физмат 83 баллмен грантка мумкиндик барма,1
Когда начинается урок в сду,7
Мне очень интересно сколько мне ещё ждать письмо об олимпиаде SPT? Потому что я жду не дождусь этого.,4
"Здравствуйте, у меня вопрос. В каком виде и каким образом я должна преставить доказательства, что касается апилляции моего теста?",7
"Здравствуйте, мне так сильно хочется узнать результаты. Во сколько Вы опубликуете результаты?",8
а дедлайн на экзамен по английскому какой?,3
а его обязательно в самом СДУ сдавать или можно онлайн?,3
"здравствуйте, а надо записываться в сду чтобы сдать документы?",3
IT мамандығына грантка түсу үшін канша бал кажет,1
"Здравствуйте! Можете помочь с нахождением номера образовательной программы, который у вам имеется: физика-информатика(педагогика)",3
Здравствуйте! Обязательно ли отправлять вместе с оригиналами документов результат тестирования английского языка? И нужно ли отксерокопировать результат через принтер?,2
Если я черзе доверенного человека отправлю документы нужно контракт отправлять или же этот доверенный человек может сам подписать в приемной комиссии?,2
"На сайте enroll в контракте написано оказание платных образовательных услуг, а что если у меня гимеется государственный грант я должна это заполнить?",2
"Здравствуйте. Я хочу подать на государственный грант, а именно на информационные системы, компьютерные науки, математическое и компьютерное моделирование",3
А как именно егов поймет на какую я специальность хочу поступить?,2
"Тіркеу кезінде фото енгізіңізілмей тұр, басқаша жолдары болмайма?",2
"здраствуйте , закончив сду я получу международный диплом ? или как ?",7
вы оправляете студентов за обменом знаниям?,8
"Нужен ли IELTS для поступления в цифровой маркетинг или менеджмент, или можно поступить по гос гранту?",3
Здравствуйте. Можно узнать полный список специальностей вашего ВУЗа?,3
"Добрый вечер! Хотела узнать, если получишь грант на олимпиаде сду, можно ли будет потом от него в случае чего отказаться?",1
Можно ли на олимпиаду SPT просто сфотографировать документный и прикрепить?,4
Хотела узнать можно ли после spt в качестве подтверждения сдать платное ент в марте?,4
"А если получить грант на spt,там же надо хотя бы 50 набрать да? Платное значит не подойдёт?",4
Хотела узнать можно ли поменять предметы на spt?,4
Сколько будет длится олимпиада spt?,4
"Прошу прощения за позднее время. Хотела уточнить, на карте написано регистрация в 9, а на сайте и в инсте в 10. В какое именно время?",7
"Добрый день! Извините, но вы не знаете когда точно будут результаты spt?",4
"Добрый вечер! Хотела узнать, а обладателям алтын белги есть скидка?",3
А я вот подучила 15% скидку. Это на 4 года?,7
"А можно узнать если не секрет, сколько человек сдавало географию?",1
"Я хотела спросить , сколько баллов надо набрать чтобы поступить в SDU ?",3
Здравствуйте. Обязательно ли сертификат Ielts чтобы поступить в грант ?,3
Сертификат об окончании Advanced level подойдёт.,3
Сіздің университетте ақпараттық технологиялар факультетіне Ielts керек па екен,3
Сду университетінде Қазақ турік лицей тулектеріне 10% жеңілдік барма еді,3
Және международный олимпиадала иелеріне 10% барма,3
Сабақ ағылшынша өтедіғой да,3
Сдуға It факультетіне жылдық оку канша тенге,3
Платный отделениеге енрол арқылы тапсырамынба,2
Және форма 086 обезателно ма,2
Саламатсызба СДУда окуды 3 жылда бітіретін программа барма,7
Жылына канша тенге болады тогда,3
Сдуға оригинал документтерді 30 қыркүйекке дейін жіберсек боладыма,7
25іне дейін тек енроллға тіркелсек болдыма,2
Можно продлить регистрацию на день,7
Какой уровень английского нужен чтобы сдать олимпиаду?,3
"Здравствуйте,а сертификаты грантов уже готовы?",7
Сыздерде грант неше баллдан бастап физмат бойынша,1
Егер мен ұбт дан орыс тілі мен әдебиеті пәндерін таңдасам аудармашыны оқи аламын ба,3
"Я на ЕНТ 98 баллов набрал, история-чоп возможно ли поступить на грант?",1
Я учусь в 9 классе я могу ли в этом году поступить?,3
Саламатсызба..осы пәндер бойынша қандаймамандық шығады екен.қиын болмаса айта аласызба..2020 бітіруші қызым бар.ол қосымша физ/мат оқып жатқан еді.Алдын ала рахмет.,3
"Кешіріңіз,lТ деген не екен.",1
СюШет тiлi платный неше,3
Шетел филологиясы платный неше,3
Жақсы оқыған жағдайда грантқа ауысу мүмкiндiгi барма,7
Жатахана неше,3
Жазда маусымда КТА тапсырып СДУга грантка тусуге болама?,3
А завтра мы все еще можем придти и забрать свои дипломы с документами? https://instagram.com/stories/sdukz/2347281162095047859,8
"Здравствуйте можно ли с дипломом бакалавра Туризм, поступить на магистратуру Международные отношения ?",5
Сколько баллов потребуется чтобы поступить в грант,1
11класстарга отыныш калдыруга болама?,3
Агылшынга стипендия барма?,1
Спт олимпиадасы кай кунге дейн болады?,4
Жақын арада сайыстар бар дейді соған калай қатысады,8
Олимпиада кай жерде өтеді?,3
запланировано ли день открытых дверей в скором времени?,8
Могу ли притий в университет что б узнать немного поближе универ?,7
Вышли ответы SPT?,4
Могу ли я подать на целевой грант кбту и на гос грант на вас?,6
Размещение рекламы на экранах хотел предложить,8
Я хотел регистраться на олимиаде .Я уже получил код что мне делать дальше,4
Мен SPT ға катысатын едім но отчество деген жерге акемнін атынын озін гана жазган едім ұлы дегенді коспаппын,4
Мен осы жылдын тулегімін СДУ ға тускім келеді ентдан 106 балл алдым англ+джт екі шет тілі мамандыгы бойынша грантка тусуге шанс барма,1
сіздердің уневерге қалай түсүге болды?,3
У вас гранты делятся на русскую и каз?,3
А можете специальность посоветовать,1
Сәлеметсізбе! Менің 11-сынып оқып жатқан оқушыларым тапсырып көрсе болады ма?,1
Сәлеметсіз бе биология xимиямен тек мұғалім бола аламын ба ??),3
"Салеметсиз бе! СДУда окып жатыр деген справканы кай жерден алсам болады? Маган сайтка жазсын деди, сайтка жазсам куратордан сурасын дейди, куратордан сурасам сайтка жазсын дейди😅Накты кай жерден алуга болатынын айта аласыз ба?",7
Сәлеметсізбе. 122упаймен грантқа іліне аламызба.Алматы қаласындама,1
Сиздерге калай окуга тусуге болады,1
IR тек бир группа 16 адам кай жерге отырады? Юрфак пен экофакка салып койыпсыздар,7
у вас проходной бал какой?,1
Когда подаем документы обязателен ли снимок флюро?,2
Сәлеметсіздер ме. Сонда ағылшын тілін жетік меңгеру керек пе?,1
Сіздерге кем дегенде қанша баллмен түсуге болады. Химия биологияға,3
"Және де ""Алтын белгі"" иегерлері үшін жеңілдіктер қарастырылған ба?Әлде...",3
Тағы бір сұрайын дегенім былтыр сіздерге 80-90 балл жинағандар да түсіпті-міс сол рас па?,1
Конкурста негізі ҰБТ балына қатты назар аудара ма әлде аттестат балына ма,1
"Здравствуйте, я регистрировалась довольно давно, и писала вам, 17.02 сказали ждать три рабочих дня, но ID карточки еще нету",7
Мен spt ге регистрация кезінде байқамай басқа кластер таңдап қойыппын,4
Мен spt ге регистрация кезінде байқамай басқа кластер таңдап қойыппын,4
"Здравствуйте! Скажите пожалуйста, вот мы сдали документы в ваш университет Но в остальных университетах дают справки (форма г-05) Нам такую не дают или как?",7
"Здравствуйте! Как можно отказаться от гранта? Звонила в универ, с которого подавала и вам тоже. Никто не дал точного ответа.",7
Окуга кашан кабылдай бастайды,3
"Сәлеметсіз бе, Арнайы психометрикалық тестті сіздерге тапсыруға болама? Онлайн тапсырады деп жатыр сол калай болады және барлық универлерде онлайн болады ма? Немесе кейінірек өзіміздің таңдаған универден барып тапсырса болады ма?",1
"Сәлеметсіздер ме, SPT олимпиадасының нәтижелері қашан шығады?",4
Салеметсиз бе! Дуолинго аркылы уровень аныктау экзаменин телефондагы приложение аркылы тапсыра ма,1
Саламатсыз ба. 88 баллмен IT га тусуге бола ма?,1
"Здраствуйте сколько стоит обучение в год, на факультете два иностранных языка?",3
Здрасьвуйте а сколько баллов на грант нужно на факультет 2 инностранных языка,1
"Грантка түсуге кужаттарды кайда, калай тапсыруға болады?",3
"Кешіріңіз , бүгінгі суреттерді қайдан алса болады ?",8
Я участвую на СПТ и потеряла удостоверение,4
Мен наурыз айында болатын тестке қатыса аламын ба?,4
"Саламатсызба! Кандай мамандыктар бар, канша грант болинеди сол туралы акпарат калай плуга болады",3
"Здравствуйте! Извините, хотела узнать, а можно оплачивать проживание в общежитии по месяцам или неделям? И английский язык всем нужно сдавать и какого числа?(если нужно)",1
"Здравствуйте! Извините, могу я спросить а можно ли оплачивать проживание по месяцам или неделям ?",1
Здравствуйте. Мне еще письмо от эдвайзера не пришло. Когда оно придет?,1
"Егерде студент колледжден сон мамандыкты жалгастыратын болса, 2-курстан бастап окиды ма?",6
Какие документы нужны для поступления?,1
"Извините, все абитуренты будут сдавать тест?",3
"Здравствуйте, у меня к вам вопрос про SPT. Я делала регистрацию и у меня там просят добавить 2 файла",4
Здравствуйте. До скольких работает приемная комиссия и только по будням?,3
У вас есть грант на два иностранных языка?,3
Сәлеметсіз бе! SPT-ға қатысқанда 1 тур онлайн түрде өте ме?! Оны үйде отырып тапсырамыз ба? Әлде өзімізге жақын жерге барып тапсырамыз ба?,4
Маған жақын қала Қызылорда. Сонда мен 1 наурызда сонда барып тапсырамын. Сосын болды ма?,4
Коллежден киин туссем сокращенный окимба?,6
Сколько у вас проходной балл,3
"здравствуйте, какие предметы надо сдать, чтобы поступить на международное отношение?",1
а когда у вас будут экзамены на внутренный грант? и можно ли после колледжа поступить?,3
здравствуйте! когда будут проходить олимпиады?,8
возможно ли поступить к вам после колледжа?,6
"в городе Нур-Султан возможно будет сдать? или надо в Алматы, то есть в самом универе сдавать?",3
Где можно найти вопросы с пробного экзамена?,4
"здравствуйте, я на данный момент учусь на профессию переводчика, если поступлю в ваш универ на грант, возможно ли поступить сразу на 2 курс?",6
"и еще один вопрос об SPT, во время заполнение бланки, заранее надо указать на какую профессию хочешь поступить?",4
заранее надо указать на какую профессию хочешь поступить?,4
"не могу прикрепить файл, уд. личности и справку",2
Сіздерде ағылшын мұғалімі мамандығы оқытылады ма,3
Ағылшын- география таңдау керек пе әлде ағылшын- дүние тарих таңдау керек па,1
Бұл мамандыққа мемлекеттік грант бөлінеді ма,1
Ағылшын- география таңдау керек пе әлде ағылшын- дүние тарих таңдау керек па,1
Биыл мен кешенді тест тапсыруым керек еді Сіздерге онлайн тіркелу керек пе,7
"Мен грант алу үшін кешенді тест тапсыруға кешігіп қалдым, Августте тест тапсырсам сіздерге рекрторский грант алуға болады ма, мен IELTS сертификаты бар, былтыр мектепті алтын белгімен бітіргенмін, таңдау пәнім ағылшын дүние тарихы",3
Мен сіздер ойнатып жатқан внутренный грант қа қатысып жатыр едім алайда мынаған түсінбедім,4
SDU факультет переводческого дела жылына канша болады оку акысы?,3
Регистрация жасаиын десем осылай шыгып жатр .баска калай жасауга болады,9
Здравствуйте а когда возможно заселение в общежитие?,1
Просто если встреча поступающих 30 августа и учеба начинается 3 сентября то возможно ли в это время заселиться в общежитие?,1
Салеметсиз бе!Бугин болады ма результат? https://instagram.com/stories/sdukz/1837990234357732794,8
 Сду дын конкурсы кай уакытта болады ?,4
ID карта не пришло,7
Грантка 90баллмеен тусуге болама 2шет тилине,1
Былтыр каншамен тускен еды айта алмайсызба??,1
87баллмен еки шет тилине мумквндык барма тусуге?,1
биология географияга кандай мамандықтар бар,3
Менын балым 61 болып калды кандай мумкындыктер бар,1
"Простите за беспокойство, но можно узнать подробнее про этот тест? Обязательно сдавать ? Я не  смогла найти в просторах интернета https://instagram.com/stories/sdukz/1824026518138146763",8
Магистратура жылына канша?,5
Сіздерле ielts дайындалуға мүмкіндік барма?,1
Стипендия қашан түседі?,7
"Озге университеттердіки түсті, біздікі қашан көрсен кеш түсетіні немі",7
Юрист мамандығы бар ма сіздерде,3
Оплатасы қанша?),3
Добрый день. Где будет презентация в Кокшетау?,8
"Добрый день. Нужно ли заново регистрироваться тем, кто зарегистрировался в начале?",8
"Поступила на специальночть международные отношения, только в другом ВУЗе. Есть возможность перевестись к вам после 1 семестра на грантовой основе?",6
"Здравствуйте, я хотела бы спросить сколько у вас стоят обучение на менеджмент",3
Сіздерде жатахана құны қанша,1
Енді агылшынша тест тапсырамыз ба сонда,1
"Сәлеметсіз бе! SDU оқу орнына, ҰБТ тапсырмай ақылы бөлімге түсуге бола ма?",1
"Аяулы ұстаздар, мерекелеріңіз құтты болсын. #ұстаздаркүні #karagandy_ktl",8
Олимпиадага тиркелип едим сду дын тест туринде болады ма?,4
Кандай сабактардан болады тандау панимиз ба,4
Кай жерде болады или онлайн турде бола ма,4
"Казыргы кезде Еки шет тили мамандыгы дурыспа алде Туризм ? (француз ,карис , турк тилдерн менгергенмин)",1
"Здравствуйте, можно узнать обучаясь на хоз.расчете можно ли выиграть внутренний грант или же ректорский?",1
"Добрый вечер,когда и где можно узнать результаты олимпиады?",4
Если есть желающие то есть работа в должности офис менеджера.,1
"Сәлеметсіздерме, осы жылы сіздер ""международные отношения "" мамандығына грант бөлесіздер ме? Өте -өте маңызды болып тұр.Міндетті түрде жауап берсеңіз",3
"Ал ""SPT"" олипиядасы арқылы грант ұтып алуға болады ма? Немесе "" халықаралық қатынастар "" мамандығы бұл олимпиадада ойнатылмайды ма ??",4
"Сәлеметсіздерме, мемлекеттік грант ""аударма ісі""не бөліне ма?или тек канал ақылы оқытылады ма?",3
"Мемлекеттік грант ""екі шет тілі / два иностранных языка "" мамандығына бөлінген ба бұл университетке? Әлде тек ақылы түрде оқытылады ма?",3
Мемлекеттік грант бар ма?,3
"Керемет! Кез-келген уақытта жазсам да жауап бересіздер,өте ризамын әрі қуаныштымын",1
Здравствуйте. Уровень Pre-İntermediate со 40% скидкой сколько будет стоить?,1
"Документ тапсырмады әлі. Бүгін соңғы күн дейді ғой, шынмен бе",2
"Здравствуйте, хотела узнать для поступления в СДУ нужно сдать внутренний тест или достаточно просто подать документы?",3
